{
  "version": 1,
  "license": "CC-BY-SA-3.0",
  "copyright": "Taken from TGstation: https://github.com/tgstation/tgstation/blob/c838ba21dae97db345e0113f99596decd1d66039/icons/mob/clothing/under/security.dmi. Modified and recolored by Nairodian (github) for SS14, monkey made by brainfood1183 (github) for ss14. Edited by MissKay1994 for Umbra",
  "size": {
    "x": 32,
    "y": 32
  },
  "states": [
    {
      "name": "icon"
    },
    {
      "name": "equipped-INNERCLOTHING",
      "directions": 4
    },
    {
      "name": "equipped-INNERCLOTHING-monkey",
      "directions": 4
    },
    {
      "name": "inhand-left",
      "directions": 4
    },
    {
      "name": "inhand-right",
      "directions": 4
    }
  ]
}
